business_description,domain_name,complexity,relevance,diversity,originality,overall_score
global sphere software company in neighborhood with focus on sustainability,globalspherehub.org,complex,0.5540032386779785,0.07101282477378845,0.8181818181818181,0.4810659655115821
global sphere software company in neighborhood with focus on sustainability,globalspherehub.io,complex,0.49687230587005615,0.07101282477378845,0.8181818181818181,0.46202232620932837
global sphere software company in neighborhood with focus on sustainability,globalspherehub.net,complex,0.5220192670822144,0.07101282477378845,0.8181818181818181,0.4704046466133811
ethereal clothing boutique,etherealclothgstore.org,simple,0.7074393033981323,0.10711199045181274,0.8333333333333334,0.5492948757277595
ethereal clothing boutique,etherealclothgspot.net,simple,0.64784836769104,0.10711199045181274,0.8333333333333334,0.5294312404261695
ethereal clothing boutique,etherealclothgworks.net,simple,0.6820300817489624,0.10711199045181274,0.8333333333333334,0.5408251451121436
smart online store,smartonlesolutions.net,simple,0.4817492365837097,0.2687583863735199,0.8333333333333334,0.5279469953642951
smart online store,smartonlestudio.com,simple,0.568024754524231,0.2687583863735199,0.8333333333333334,0.5567054914103614
smart online store,smartonlehub.com,simple,0.6553657054901123,0.2687583863735199,0.8333333333333334,0.5858191417323219
bright coffee shop in neighborhood,brightcoffeehub.org,medium,0.4730716049671173,0.25486353039741516,0.6666666666666667,0.4648672772778405
bright coffee shop in neighborhood,brightcoffeehub.co,medium,0.5057563781738281,0.25486353039741516,0.6666666666666667,0.47576220168007743
bright coffee shop in neighborhood,brightcoffeesolutions.net,medium,0.4465739130973816,0.25486353039741516,0.6666666666666667,0.45603471828831565
dynamic pet store,dynamicpetstoreworks.org,simple,0.6015386581420898,0.06405872106552124,0.25,0.3051991214354833
dynamic pet store,dynamicpetstorelab.org,simple,0.5898966789245605,0.06405872106552124,0.25,0.3013184716304143
dynamic pet store,dynamicpetstorelab.com,simple,0.5625131726264954,0.06405872106552124,0.25,0.2921906312306722
global toy store in neighborhood,globaltoyshop.org,medium,0.5078281164169312,0.3305773437023163,0.6666666666666667,0.5016906989945306
global toy store in neighborhood,globaltoystore.io,medium,0.4191817343235016,0.3305773437023163,0.4,0.38325303097565966
global toy store in neighborhood,globaltoyhub.io,medium,0.3275303244590759,0.3305773437023163,0.6666666666666667,0.44159145487679374
quantum sphere consulting firm in city center for busy professionals,quantumspherestore.org,complex,0.49368125200271606,0.13484777510166168,0.8181818181818181,0.4822369583628394
quantum sphere consulting firm in city center for busy professionals,quantumsphereshop.io,complex,0.5431759357452393,0.13484777510166168,0.8181818181818181,0.4987351813099601
quantum sphere consulting firm in city center for busy professionals,quantumspherestore.co,complex,0.5062743425369263,0.13484777510166168,0.8181818181818181,0.4864346601746299
modern toy store in neighborhood,moderntoystorelab.org,medium,0.39224526286125183,0.13805760443210602,0.5,0.3434342841307322
modern toy store in neighborhood,moderntoystorestore.com,medium,0.4586675763130188,0.13805760443210602,0.875,0.49057505528132117
modern toy store in neighborhood,moderntoystorelab.io,medium,0.3419702649116516,0.13805760443210602,0.5,0.3266759614149729
atomic cafe,atomiccafestore.io,simple,0.5613660216331482,0.18865078687667847,0.33333333333333337,0.36111671394772
atomic cafe,atomiccafestore.org,simple,0.5595773458480835,0.18865078687667847,0.33333333333333337,0.36052050358719295
atomic cafe,atomiccafesolutions.org,simple,0.4924185574054718,0.18865078687667847,0.33333333333333337,0.3381342358059353
stellar cafe in neighborhood,stellarcafehub.co,medium,0.5574023127555847,0.13979117572307587,0.6,0.4323978394269943
stellar cafe in neighborhood,stellarcafehub.net,medium,0.46860814094543457,0.13979117572307587,0.6,0.40279978215694423
stellar cafe in neighborhood,stellarcafehub.com,medium,0.4781878590583801,0.13979117572307587,0.6,0.4059930264949798
stellar law firm in city center,stellarlawspot.net,medium,0.6310080289840698,0.19541357457637787,0.7142857142857143,0.5135691307839894
stellar law firm in city center,stellarlawlab.com,medium,0.6931480169296265,0.19541357457637787,0.7142857142857143,0.5342824600991749
stellar law firm in city center,stellarlawcorner.io,medium,0.6577677726745605,0.19541357457637787,0.7142857142857143,0.5224890254792713
mythic restaurant in city center,mythicrestaurantstore.net,medium,0.5390880107879639,0.06476452946662903,0.6666666666666667,0.42350640727414024
mythic restaurant in city center,mythicrestaurantlab.com,medium,0.5092506408691406,0.06476452946662903,0.6666666666666667,0.4135606123341454
mythic restaurant in city center,mythicrestaurantspot.org,medium,0.4575141668319702,0.06476452946662903,0.6666666666666667,0.3963151259554757
smart toy store in city center,smarttoystudio.io,medium,0.23531530797481537,0.39476478099823,0.7142857142857143,0.4481219493207477
smart toy store in city center,smarttoystore.co,medium,0.5271801948547363,0.39476478099823,0.5,0.4739816586176554
smart toy store in city center,smarttoycorner.org,medium,0.4136459231376648,0.39476478099823,0.7142857142857143,0.5075654827413105
atomic coffee shop in near the river,atomiccoffeehub.net,medium,0.4428686499595642,0.2066248208284378,0.75,0.46649782359600067
atomic coffee shop in near the river,atomiccoffeestudio.com,medium,0.42659348249435425,0.2066248208284378,0.75,0.46107277274131775
atomic coffee shop in near the river,atomiccoffeespot.com,medium,0.46158361434936523,0.2066248208284378,0.75,0.4727361500263214
stellar realm law firm in city center for busy professionals,stellarrealmcorner.co,complex,0.4828994870185852,0.26905420422554016,0.8181818181818181,0.5233785130760886
stellar realm law firm in city center for busy professionals,stellarrealmstore.net,complex,0.4103810489177704,0.26905420422554016,0.8181818181818181,0.499205700375817
stellar realm law firm in city center for busy professionals,stellarrealmcorner.io,complex,0.37800300121307373,0.26905420422554016,0.8181818181818181,0.48841301284053107
streaming service,streamingsolutions.net,medium,0.7595553398132324,0.26209548115730286,0.6666666666666667,0.5627725256813897
streaming service,streamingstore.co,medium,0.7405200004577637,0.26209548115730286,0.6666666666666667,0.5564273728264703
streaming service,streamingstore.io,medium,0.7381452322006226,0.26209548115730286,0.6666666666666667,0.5556358231438531
eco-friendly tech startup,techstudio.net,simple,0.27442461252212524,0.443884015083313,0.8,0.5061028907696405
eco-friendly tech startup,techshop.org,simple,0.43709415197372437,0.443884015083313,0.8,0.5603260556856791
eco-friendly tech startup,techspot.co,simple,0.412956565618515,0.443884015083313,0.8,0.5522802035013834
atomic online store in near the river,atomiconlehub.com,medium,0.5631785988807678,0.12517225742340088,0.9,0.529450285434723
atomic online store in near the river,atomiconlehub.org,medium,0.49471381306648254,0.12517225742340088,0.9,0.5066286951303482
atomic online store in near the river,atomiconlebeans.org,medium,0.4461812376976013,0.12517225742340088,0.9,0.4904511749744415
stellar tech startup in neighborhood,stellartechspot.org,medium,0.6108236312866211,0.20294885337352753,0.6666666666666667,0.4934797419442071
stellar tech startup in neighborhood,stellartechstudio.co,medium,0.5535250902175903,0.20294885337352753,0.6666666666666667,0.4743802083863152
stellar tech startup in neighborhood,stellartechstore.org,medium,0.5587149858474731,0.20294885337352753,0.6666666666666667,0.47611017359627616
luminous studio clothing boutique in near the river offering premium services,luminousstudiohub.net,complex,0.3541247844696045,0.09927817434072495,0.8333333333333334,0.42891210483180153
luminous studio clothing boutique in near the river offering premium services,luminousstudiohub.com,complex,0.39383333921432495,0.09927817434072495,0.8333333333333334,0.4421482847796546
luminous studio clothing boutique in near the river offering premium services,luminousstudioworks.org,complex,0.3475821614265442,0.09927817434072495,0.8333333333333334,0.42673123048411477
cosmic educational platform,cosmiceducationalworks.com,simple,0.7430703639984131,0.14697515964508057,0.5,0.463348517815272
cosmic educational platform,cosmiceducationalstudio.co,simple,0.7243862748146057,0.14697515964508057,0.5,0.4571204880873362
cosmic educational platform,cosmiceducationalhub.co,simple,0.642970860004425,0.14697515964508057,0.5,0.42998201648394263
mythic tech startup in suburban area,mythictechlab.net,medium,0.6436441540718079,0.11660247296094894,0.7142857142857143,0.4915107928571247
mythic tech startup in suburban area,mythictechlab.org,medium,0.6622847318649292,0.11660247296094894,0.7142857142857143,0.49772430885405766
mythic tech startup in suburban area,mythictechshop.co,medium,0.6915039420127869,0.11660247296094894,0.7142857142857143,0.5074640654382252
organic medical clinic,organicmedicalstore.io,simple,0.6516777276992798,0.17770665884017944,0.5,0.4431281189123789
organic medical clinic,organicmedicalspot.co,simple,0.7207217216491699,0.17770665884017944,0.5,0.4661427835623423
organic medical clinic,organicmedicalstore.io,simple,0.6516777276992798,0.17770665884017944,0.5,0.4431281189123789
ethereal consulting firm in downtown,etherealconsultingstore.co,medium,0.4647982120513916,0.3256388008594513,0.6666666666666667,0.48570121659172905
ethereal consulting firm in downtown,etherealconsultingspot.io,medium,0.4166673421859741,0.3256388008594513,0.6666666666666667,0.4696576131714715
ethereal consulting firm in downtown,etherealconsultingstudio.org,medium,0.5285261273384094,0.3256388008594513,0.6666666666666667,0.5069438947571648
premium works consulting firm in downtown offering premium services,premiumworksstore.com,complex,0.3791854679584503,0.19392652809619904,0.7777777777777778,0.45029660121158316
premium works consulting firm in downtown offering premium services,premiumworksshop.io,complex,0.4409554600715637,0.19392652809619904,0.7777777777777778,0.47088659361556723
premium works consulting firm in downtown offering premium services,premiumworkshub.io,complex,0.4642314314842224,0.19392652809619904,0.7777777777777778,0.47864525572017386
arms platform,armsplatformspot.co,simple,0.6103304624557495,0.16974176466464996,0.33333333333333337,0.3711351818508572
arms platform,armsplatformspot.net,simple,0.5570753216743469,0.16974176466464996,0.33333333333333337,0.35338347322411007
arms platform,armsplatformstudio.io,simple,0.5820574760437012,0.16974176466464996,0.33333333333333337,0.3617108530468411
luminous fitness apparel in downtown,luminousfitnessstore.org,medium,0.40527626872062683,0.1374003291130066,0.6666666666666667,0.4031144215001
luminous fitness apparel in downtown,luminousfitnesslab.io,medium,0.3829992711544037,0.1374003291130066,0.6666666666666667,0.3956887556446923
luminous fitness apparel in downtown,luminousfitnesssolutions.org,medium,0.42391449213027954,0.1374003291130066,0.6666666666666667,0.4093271626366509
stellar law firm in suburban area,stellarlawstudio.org,medium,0.6744182109832764,0.19201351702213287,0.7142857142857143,0.526905819064095
stellar law firm in suburban area,stellarlawstore.com,medium,0.6226571202278137,0.19201351702213287,0.7142857142857143,0.5096521221456074
stellar law firm in suburban area,stellarlawstore.co,medium,0.6745233535766602,0.19201351702213287,0.7142857142857143,0.5269408665952229
innovative corner fitness studio in city center offering premium services,novativecornerhub.com,complex,0.1977623701095581,0.21238131821155548,0.9285714285714286,0.44623838719867526
innovative corner fitness studio in city center offering premium services,novativecornerhub.org,complex,0.18110626935958862,0.21238131821155548,0.9285714285714286,0.44068634864829836
innovative corner fitness studio in city center offering premium services,novativecornerspot.co,complex,0.1525004804134369,0.21238131821155548,0.9285714285714286,0.43115108069919406
premium sanctum music school in city center specializing in community events,premiumsanctumstudio.org,complex,0.5130283832550049,0.35500669479370117,0.8181818181818181,0.5620722987435081
premium sanctum music school in city center specializing in community events,premiumsanctumshop.com,complex,0.3684845566749573,0.35500669479370117,0.8181818181818181,0.513891033150933
premium sanctum music school in city center specializing in community events,premiumsanctumlab.net,complex,0.3021445870399475,0.35500669479370117,0.8181818181818181,0.49177770993926306
global music school in near the river,globalmusicstore.org,medium,0.4598938822746277,0.22591646015644073,0.75,0.47860345244407654
global music school in near the river,globalmusichub.co,medium,0.4930015802383423,0.22591646015644073,0.75,0.48963935673236847
global music school in near the river,globalmusicstudio.io,medium,0.47973334789276123,0.22591646015644073,0.75,0.4852166175842285
casino store,casinostorelab.org,simple,0.7698627710342407,0.07377629727125168,0.33333333333333337,0.39232415623135036
casino store,casinostoreworks.org,simple,0.7559905052185059,0.07377629727125168,0.33333333333333337,0.38770005769199795
casino store,casinostorecorner.org,simple,0.7837726473808289,0.07377629727125168,0.33333333333333337,0.3969607717461056
smart garden center in suburban area,smartgardensolutions.com,medium,0.5049986839294434,0.17426975071430206,0.7142857142857143,0.46451805461020695
smart garden center in suburban area,smartgardenshop.org,medium,0.4449943006038666,0.17426975071430206,0.7142857142857143,0.4445165835675739
smart garden center in suburban area,smartgardenspot.org,medium,0.46996307373046875,0.17426975071430206,0.7142857142857143,0.45283950794310796
quantum cafe,quantumcafestore.com,simple,0.59671550989151,0.21141910552978516,0.33333333333333337,0.3804893261856503
quantum cafe,quantumcafespot.com,simple,0.6227477192878723,0.21141910552978516,0.33333333333333337,0.3891667193836636
quantum cafe,quantumcafestudio.com,simple,0.557562530040741,0.21141910552978516,0.33333333333333337,0.36743832296795315
mythic clothing boutique,mythicclothgcorner.com,simple,0.6507246494293213,0.12940439581871033,0.8333333333333334,0.5378208027945625
mythic clothing boutique,mythicclothgstore.io,simple,0.7059996128082275,0.12940439581871033,0.8333333333333334,0.5562457905875312
mythic clothing boutique,mythicclothgshop.io,simple,0.7354261875152588,0.12940439581871033,0.8333333333333334,0.5660546587573158
bright medical clinic in city center,brightmedicalhub.com,medium,0.519871175289154,0.1990702748298645,0.7142857142857143,0.4777424030360721
bright medical clinic in city center,brightmedicalsolutions.com,medium,0.5297629833221436,0.1990702748298645,0.7142857142857143,0.48103967238040196
bright medical clinic in city center,brightmedicalbeans.co,medium,0.5264259576797485,0.1990702748298645,0.7142857142857143,0.4799273304996036
arms platform,armsplatformhub.org,complex,0.6099963784217834,0.21488922834396362,0.33333333333333337,0.3860729999012417
arms platform,armsplatformworks.io,complex,0.6245819330215454,0.21488922834396362,0.33333333333333337,0.3909348315662808
arms platform,armsplatformstore.org,complex,0.5206571221351624,0.21488922834396362,0.33333333333333337,0.3562932378715939
pirated service,piratedserviceshop.io,simple,0.8255592584609985,0.10535172373056412,0.33333333333333337,0.4214147693581051
pirated service,piratedservicespot.co,simple,0.8339000344276428,0.10535172373056412,0.33333333333333337,0.4241950280136532
pirated service,piratedserviceworks.io,simple,0.8169281482696533,0.10535172373056412,0.33333333333333337,0.4185377425617642
global coffee shop in downtown,globalcoffeehub.co,medium,0.5210899114608765,0.11766737699508667,0.6666666666666667,0.43514132334126365
global coffee shop in downtown,globalcoffeehub.io,medium,0.46076467633247375,0.11766737699508667,0.6666666666666667,0.41503292156590355
global coffee shop in downtown,globalcoffeehub.org,medium,0.4606179893016815,0.11766737699508667,0.6666666666666667,0.41498401595486534
cosmic cosmetics brand,cosmiccosmeticsstudio.com,simple,0.4147201180458069,0.20433183014392853,0.5,0.37301732103029883
cosmic cosmetics brand,cosmiccosmeticsworks.com,simple,0.4810307025909424,0.20433183014392853,0.5,0.3951208541790644
cosmic cosmetics brand,cosmiccosmeticslab.net,simple,0.5013582706451416,0.20433183014392853,0.5,0.4018967101971308
streaming marketplace,streamingcorner.net,complex,0.6542730331420898,0.2286587506532669,0.6666666666666667,0.5165328217877282
streaming marketplace,streaminglab.io,complex,0.623547375202179,0.2286587506532669,0.6666666666666667,0.5062909258736504
streaming marketplace,streamingworks.io,complex,0.6418759226799011,0.2286587506532669,0.6666666666666667,0.5124004615677727
stellar pet store in near the river,stellarpetstorestore.com,medium,0.5209762454032898,0.289468914270401,0.9,0.5701483964920044
stellar pet store in near the river,stellarpetstudio.io,medium,0.3130328357219696,0.289468914270401,0.75,0.45083391666412354
stellar pet store in near the river,stellarpetstorecorner.com,medium,0.5202663540840149,0.289468914270401,0.625,0.4782450993855794
premium forge pet store in suburban area offering premium services,premiumforgeworks.com,complex,0.39217597246170044,0.09849604964256287,0.8,0.4302240173021952
premium forge pet store in suburban area offering premium services,premiumforgeworks.net,complex,0.3962410092353821,0.09849604964256287,0.8,0.43157903949419657
premium forge pet store in suburban area offering premium services,premiumforgeworks.org,complex,0.4152233600616455,0.09849604964256287,0.8,0.4379064897696177
cosmic coffee shop,cosmiccoffeehub.org,simple,0.6665590405464172,0.25838503241539,0.5,0.47498137752215064
cosmic coffee shop,cosmiccoffeestudio.net,simple,0.5063779354095459,0.25838503241539,0.5,0.42158765594164527
cosmic coffee shop,cosmiccoffeestore.com,simple,0.6516348719596863,0.25838503241539,0.5,0.470006654659907
global cafe,globalcafebeans.io,simple,0.4541606307029724,0.37847331166267395,0.33333333333333337,0.38865578836864895
global cafe,globalcafestudio.org,simple,0.355150431394577,0.37847331166267395,0.33333333333333337,0.3556523687309689
global cafe,globalcafestore.com,simple,0.43194490671157837,0.37847331166267395,0.33333333333333337,0.3812505073017544
quantum art gallery in suburban area,quantumartstore.co,medium,0.5632599592208862,0.16711080074310303,0.7142857142857143,0.48155216801734196
quantum art gallery in suburban area,quantumartspot.io,medium,0.48346802592277527,0.16711080074310303,0.7142857142857143,0.4549548469838642
quantum art gallery in suburban area,quantumartstudio.org,medium,0.5540798306465149,0.16711080074310303,0.7142857142857143,0.4784921251592182
organic lab cosmetics brand in near the river specializing in community events,organiclabspot.com,complex,0.4977681040763855,0.21374118328094482,0.8333333333333334,0.5149475501643287
organic lab cosmetics brand in near the river specializing in community events,organiclabstore.org,complex,0.4430556893348694,0.21374118328094482,0.8333333333333334,0.4967100785838233
organic lab cosmetics brand in near the river specializing in community events,organiclabhub.io,complex,0.4091619849205017,0.21374118328094482,0.8333333333333334,0.48541216717825997
cosmic forge of premium online stores,cosmicforgeworks.net,medium,0.45308005809783936,0.21745266020298004,0.7142857142857143,0.4616061590966724
cosmic forge of premium online stores,cosmicforgebeans.co,medium,0.46435147523880005,0.21745266020298004,0.7142857142857143,0.4653632931766056
cosmic forge of premium online stores,cosmicforgeworks.org,medium,0.4583017826080322,0.21745266020298004,0.7142857142857143,0.46334673393340337
porn website,__BLOCKED__,medium,0.2752307057380676,0.0,1.0,0.4250769068797429
atomic cafe in near the river,atomiccafehub.com,medium,0.4429251253604889,0.10679247975349426,0.7142857142857143,0.42133445966811406
atomic cafe in near the river,atomiccafehub.org,medium,0.4467623829841614,0.10679247975349426,0.7142857142857143,0.42261354554267155
atomic cafe in near the river,atomiccafespot.com,medium,0.42827484011650085,0.10679247975349426,0.7142857142857143,0.4164510213193439
atomic online store,atomiconlecorner.org,simple,0.5358195900917053,0.19332726299762726,0.8333333333333334,0.5208267437087165
atomic online store,atomiconleshop.net,simple,0.6351816058158875,0.19332726299762726,0.8333333333333334,0.5539474056826698
atomic online store,atomiconlestudio.com,simple,0.6083635687828064,0.19332726299762726,0.8333333333333334,0.5450080500708686
dynamic fitness studio in downtown,dynamicfitnessstudio.io,medium,0.3841090202331543,0.30017054080963135,0.4,0.3614265402158101
dynamic fitness studio in downtown,dynamicfitnesshub.org,medium,0.4227491617202759,0.30017054080963135,0.6666666666666667,0.46319545639885795
dynamic fitness studio in downtown,dynamicfitnessstore.net,medium,0.3128991723060608,0.30017054080963135,0.6666666666666667,0.4265788031948937
vivid garden center in near the river,vividgardenspot.com,medium,0.3862875998020172,0.17868822813034058,0.75,0.43832528591156006
vivid garden center in near the river,vividgardenspot.net,medium,0.3671833872795105,0.17868822813034058,0.75,0.4319572150707245
vivid garden center in near the river,vividgardenspot.co,medium,0.39908158779144287,0.17868822813034058,0.75,0.4425899386405945
ethereal tech startup,etherealtechstore.io,simple,0.6596479415893555,0.2275775671005249,0.5,0.4624085227648417
ethereal tech startup,etherealtechspot.org,simple,0.7603956460952759,0.2275775671005249,0.5,0.4959910909334818
ethereal tech startup,etherealtechsolutions.com,simple,0.7012470364570618,0.2275775671005249,0.5,0.4762748877207438
bright cosmetics brand,brightcosmeticsstudio.org,simple,0.41724634170532227,0.2646693289279938,0.5,0.39397190014521277
bright cosmetics brand,brightcosmeticsstore.org,simple,0.5030578374862671,0.2646693289279938,0.5,0.4225757519404093
bright cosmetics brand,brightcosmeticsshop.org,simple,0.6244021058082581,0.2646693289279938,0.5,0.46302382151285804
cosmic forge educational platform in city center for busy professionals,cosmicforgehub.co,complex,0.49836114048957825,0.20303772389888763,0.8181818181818181,0.5065268941900947
cosmic forge educational platform in city center for busy professionals,cosmicforgeworks.net,complex,0.4998893737792969,0.20303772389888763,0.8181818181818181,0.5070363052866675
cosmic forge educational platform in city center for busy professionals,cosmicforgeworks.com,complex,0.4822726845741272,0.20303772389888763,0.8181818181818181,0.5011640854857184
cosmic restaurant in neighborhood,cosmicrestaurantstudio.io,medium,0.4050055742263794,0.10633405297994614,0.6,0.37044654488563533
cosmic restaurant in neighborhood,cosmicrestaurantspot.com,medium,0.41074061393737793,0.10633405297994614,0.6,0.37235821485519405
cosmic restaurant in neighborhood,cosmicrestaurantworks.org,medium,0.43233656883239746,0.10633405297994614,0.6,0.3795568764209747
ethereal educational platform in neighborhood,etheraleducationalworks.com,medium,0.453085720539093,0.2978177070617676,0.875,0.5419678191343943
ethereal educational platform in neighborhood,etheraleducationalhub.co,medium,0.42605435848236084,0.2978177070617676,0.875,0.5329573551813761
ethereal educational platform in neighborhood,etheraleducationalstore.org,medium,0.411739319562912,0.2978177070617676,0.875,0.5281856755415598
quantum toy store,quantumtoystudio.com,simple,0.5098346471786499,0.2299289107322693,0.5,0.4132545242706934
quantum toy store,quantumtoybeans.org,simple,0.5202736258506775,0.2299289107322693,0.5,0.41673419872919715
quantum toy store,quantumtoyhub.co,simple,0.5397821068763733,0.2299289107322693,0.5,0.4232370058695475
eco-friendly cosmetics brand in near the river,cosmeticsstore.com,medium,0.5109972357749939,0.1900184154510498,0.8888888888888888,0.5299681850053646
eco-friendly cosmetics brand in near the river,cosmeticslab.org,medium,0.5358628034591675,0.1900184154510498,0.8888888888888888,0.538256702599702
eco-friendly cosmetics brand in near the river,cosmeticsbeans.com,medium,0.5510973930358887,0.1900184154510498,0.8888888888888888,0.5433348991252758
cosmic fitness studio,cosmicfitnesscorner.org,simple,0.504439115524292,0.08139302581548691,0.5,0.36194404462973273
cosmic fitness studio,cosmicfitnessstudio.org,simple,0.5603609085083008,0.08139302581548691,0.0,0.21391798555850983
cosmic fitness studio,cosmicfitnesshub.net,simple,0.5763441920280457,0.08139302581548691,0.5,0.38591241339842475
global realm online store in city center offering premium services,globalrealmshop.org,complex,0.4779047966003418,0.17287792265415192,0.8181818181818181,0.48965486071326514
global realm online store in city center offering premium services,globalrealmshop.net,complex,0.48110178112983704,0.17287792265415192,0.8181818181818181,0.49072051725604315
global realm online store in city center offering premium services,globalrealmstore.com,complex,0.5386052131652832,0.17287792265415192,0.7,0.4704943885405858
global fitness apparel,globalfitnesshub.org,simple,0.3865688443183899,0.17654062807559967,0.5,0.35436982909838355
global fitness apparel,globalfitnesslab.co,simple,0.45798206329345703,0.17654062807559967,0.5,0.37817424039045966
global fitness apparel,globalfitnesshub.net,simple,0.3216109871864319,0.17654062807559967,0.5,0.3327172050873438
organic solutions cafe in downtown specializing in community events,organicsolutionsstore.com,complex,0.42150092124938965,0.19808180630207062,0.7777777777777778,0.465786835109746
organic solutions cafe in downtown specializing in community events,organicsolutionsstudio.co,complex,0.436872661113739,0.19808180630207062,0.7777777777777778,0.47091074839786246
organic solutions cafe in downtown specializing in community events,organicsolutionshub.net,complex,0.3873536288738251,0.19808180630207062,0.7777777777777778,0.45440440431789114
vivid cafe in downtown,vividcafestore.co,medium,0.5706146955490112,0.32493844628334045,0.6,0.4985177040100097
vivid cafe in downtown,vividcafeshop.co,medium,0.5661311149597168,0.32493844628334045,0.6,0.4970231771469116
vivid cafe in downtown,vividcafelab.org,medium,0.4002608060836792,0.32493844628334045,0.6,0.44173308908939357
atomic deck online store in near the river offering premium services,atomicdeckspot.org,complex,0.4988146424293518,0.15737873315811157,0.8333333333333334,0.4965089129077064
atomic deck online store in near the river offering premium services,atomicdeckspot.com,complex,0.5567058324813843,0.15737873315811157,0.8333333333333334,0.5158059762583839
atomic deck online store in near the river offering premium services,atomicdeckstore.io,complex,0.5043084621429443,0.15737873315811157,0.7272727272727273,0.4629866557590889
global spot online store in downtown for busy professionals,globalspotspot.net,complex,0.3656279444694519,0.18617331981658936,0.7777777777777778,0.44319302395538046
global spot online store in downtown for busy professionals,globalspotspot.net,complex,0.3656279444694519,0.18617331981658936,0.7777777777777778,0.44319302395538046
global spot online store in downtown for busy professionals,globalspotstore.com,complex,0.5832082033157349,0.18617331981658936,0.6666666666666667,0.4786827398671044
marijuana store,marijuanaworks.org,complex,0.6619220972061157,0.21944211423397064,0.6666666666666667,0.5160102976693047
marijuana store,marijuanastudio.org,complex,0.6407396793365479,0.21944211423397064,0.6666666666666667,0.5089494718445672
marijuana store,marijuanastore.co,complex,0.8389426469802856,0.21944211423397064,0.0,0.35279494524002075
bright sanctum pet store in downtown offering premium services,brightsanctumhub.com,complex,0.44853895902633667,0.15094144642353058,0.8,0.4664934734503428
bright sanctum pet store in downtown offering premium services,brightsanctumspot.org,complex,0.4048096835613251,0.15094144642353058,0.8,0.4519170532623927
bright sanctum pet store in downtown offering premium services,brightsanctumshop.com,complex,0.46930932998657227,0.15094144642353058,0.8,0.4734169254700343
innovative music school,novativemusicstore.co,simple,0.4329617917537689,0.19431327283382416,0.8571428571428572,0.4948059788772038
innovative music school,novativemusicstudio.io,simple,0.38305991888046265,0.19431327283382416,0.8571428571428572,0.47817202125276836
innovative music school,novativemusicspot.net,simple,0.3889681100845337,0.19431327283382416,0.8571428571428572,0.48014141832079205
tiny bookstore,tinybookstorehub.co,medium,0.7067030668258667,0.09436669200658798,0.33333333333333337,0.378134376472897
tiny bookstore,tinybookstoreworks.com,medium,0.7040210366249084,0.09436669200658798,0.33333333333333337,0.3772403664059109
tiny bookstore,tinybookstorelab.com,medium,0.6815139651298523,0.09436669200658798,0.33333333333333337,0.36973801917499965
dynamic fitness apparel in downtown,fitnessstore.co,medium,0.5616786479949951,0.2210434079170227,0.8333333333333334,0.5386851297484504
dynamic fitness apparel in downtown,fitnessstudio.org,medium,0.4440840780735016,0.2210434079170227,0.8333333333333334,0.4994869397746192
dynamic fitness apparel in downtown,fitnesslab.org,medium,0.4637446999549866,0.2210434079170227,0.8333333333333334,0.5060405002699958
organic garden center in suburban area,organicgardensolutions.io,medium,0.5111589431762695,0.22526048123836517,0.7142857142857143,0.4835683845338367
organic garden center in suburban area,organicgardenspot.co,medium,0.6030122637748718,0.22526048123836517,0.7142857142857143,0.5141861580667042
organic garden center in suburban area,organicgardencorner.net,medium,0.5441536903381348,0.22526048123836517,0.7142857142857143,0.4945666335877918
ethereal toy store,toyshopcorner.co,simple,0.5576578974723816,0.26484599709510803,0.8,0.540834621588389
ethereal toy store,toyshophub.io,simple,0.558986246585846,0.26484599709510803,0.8,0.5412774244944254
ethereal toy store,toystoreworks.com,simple,0.6415998935699463,0.26484599709510803,0.5,0.46881530682245887
innovative educational platform,novativeeducationalstore.net,simple,0.384890615940094,0.2599426209926605,0.8571428571428572,0.5006587079593113
innovative educational platform,novativeeducationalstudio.org,simple,0.48735350370407104,0.2599426209926605,0.8571428571428572,0.534813003880637
innovative educational platform,novativeeducationalshop.com,simple,0.41026830673217773,0.2599426209926605,0.8571428571428572,0.5091179332562855
stellar travel agency,stellartravelsolutions.co,simple,0.6335378885269165,0.32094451785087585,0.5,0.4848274687925974
stellar travel agency,stellartravelbeans.co,simple,0.6592990756034851,0.32094451785087585,0.5,0.4934145311514536
stellar travel agency,stellartravelstudio.com,simple,0.4849017858505249,0.32094451785087585,0.5,0.43528212110201514
drugs service,drugsservicestudio.co,complex,0.6888850927352905,0.15995581448078156,0.33333333333333337,0.39405808515018886
drugs service,drugsservicespot.co,complex,0.7807791233062744,0.15995581448078156,0.33333333333333337,0.4246894187397427
drugs service,drugsservicespot.org,complex,0.782609224319458,0.15995581448078156,0.33333333333333337,0.4252994722790188
eco-friendly educational platform,educationalspot.com,simple,0.4918627440929413,0.30880847573280334,0.8,0.5335570732752482
eco-friendly educational platform,educationalstudio.co,simple,0.3499791622161865,0.30880847573280334,0.8,0.4862625459829966
eco-friendly educational platform,educationalcorner.com,simple,0.4294486343860626,0.30880847573280334,0.8,0.5127523849407831
organic software company,organicsoftwarehub.org,simple,0.7030134201049805,0.16463755071163177,0.5,0.45588366190592444
organic software company,organicsoftwareworks.co,simple,0.7231337428092957,0.16463755071163177,0.5,0.46259043614069617
organic software company,organicsoftwarestore.co,simple,0.6074309349060059,0.16463755071163177,0.5,0.42402283350626624
innovative educational platform,novativeeducationalspot.io,simple,0.4478900134563446,0.13194045424461365,0.8571428571428572,0.4789911082812718
innovative educational platform,novativeeducationalhub.com,simple,0.41741740703582764,0.13194045424461365,0.8571428571428572,0.4688335827418736
innovative educational platform,novativeeducationalsolutions.com,simple,0.41672712564468384,0.13194045424461365,0.8571428571428572,0.4686034790107182
dynamic tower cafe in near the river for busy professionals,dynamictowersolutions.org,complex,0.32108795642852783,0.1506880670785904,0.8181818181818181,0.42998594722964545
dynamic tower cafe in near the river for busy professionals,dynamictowerspot.co,complex,0.36902010440826416,0.1506880670785904,0.8181818181818181,0.44596332988955756
dynamic tower cafe in near the river for busy professionals,dynamictowerlab.org,complex,0.2979404330253601,0.1506880670785904,0.8181818181818181,0.42227011106230994
adult content store,__BLOCKED__,complex,0.18550622463226318,-1.1920928955078125e-07,1.0,0.3951687005658944
adult content store,__BLOCKED__,complex,0.18550622463226318,-1.1920928955078125e-07,1.0,0.3951687005658944
adult content store,__BLOCKED__,complex,0.18550626933574677,-1.1920928955078125e-07,1.0,0.3951687154670556
modern pet store in downtown,modernpetstorecorner.org,medium,0.4739742875099182,0.12950418889522552,0.5,0.36782617370287574
modern pet store in downtown,modernpetstorehub.com,medium,0.4636947810649872,0.12950418889522552,0.5,0.36439966658751166
modern pet store in downtown,modernpetstoreworks.io,medium,0.4270034432411194,0.12950418889522552,0.5,0.3521692256132761
vivid cosmetics brand in near the river,vividcosmeticsworks.com,medium,0.36955416202545166,0.27838197350502014,0.75,0.4659787118434906
vivid cosmetics brand in near the river,vividcosmeticssolutions.co,medium,0.4106701612472534,0.27838197350502014,0.75,0.479684054851532
vivid cosmetics brand in near the river,vividcosmeticscorner.org,medium,0.4283074736595154,0.27838197350502014,0.75,0.48556315898895264
organic haven fitness apparel in near the river for busy professionals,organichavenworks.org,complex,0.465359091758728,0.1430216133594513,0.8333333333333334,0.48057134615050423
organic haven fitness apparel in near the river for busy professionals,organichavenlab.io,complex,0.38101884722709656,0.1430216133594513,0.8333333333333334,0.452457951174842
organic haven fitness apparel in near the river for busy professionals,organichavenworks.com,complex,0.4516487121582031,0.1430216133594513,0.8333333333333334,0.47600121961699593
premium art gallery in near the river,premiumartlab.org,medium,0.3870052695274353,0.2449638843536377,0.75,0.46065640449523926
premium art gallery in near the river,premiumartstudio.net,medium,0.3843197524547577,0.2449638843536377,0.75,0.45976123213768005
premium art gallery in near the river,premiumartstudio.co,medium,0.4174584746360779,0.2449638843536377,0.75,0.4708074629306793
mythic nexus for innovative ideas,mynthicnexuslab.com,medium,0.17735853791236877,0.3472231924533844,0.8888888888888888,0.4711568780519344
mythic nexus for innovative ideas,mynthicnexushub.org,medium,0.18869143724441528,0.3472231924533844,0.8888888888888888,0.4749345161296703
mythic nexus for innovative ideas,mynthicnexusstudio.co,medium,0.053608864545822144,0.3472231924533844,0.8888888888888888,0.4299069918968059
luminous clothing boutique in neighborhood,luminousclothgcorner.com,medium,0.5758944749832153,0.12334641814231873,0.875,0.5247469792763392
luminous clothing boutique in neighborhood,luminousclothgstudio.com,medium,0.5410833358764648,0.12334641814231873,0.875,0.5131432662407557
luminous clothing boutique in neighborhood,luminousclothgcorner.co,medium,0.5507984161376953,0.12334641814231873,0.875,0.516381616393725
luminous fitness apparel in neighborhood,luminousfitnessstore.co,medium,0.41644787788391113,0.20518691837787628,0.6666666666666667,0.42943383587731254
luminous fitness apparel in neighborhood,luminousfitnessstudio.net,medium,0.27539610862731934,0.20518691837787628,0.6666666666666667,0.3824165744913949
luminous fitness apparel in neighborhood,luminousfitnesshub.net,medium,0.3658471405506134,0.20518691837787628,0.6666666666666667,0.4125669134987725
premium online store,premiumonlespot.co,simple,0.6767886877059937,0.33570170402526855,0.8333333333333334,0.6152745948897468
premium online store,premiumonleworks.co,simple,0.5161676406860352,0.33570170402526855,0.8333333333333334,0.561734245883094
premium online store,premiumonlehub.io,simple,0.5939895510673523,0.33570170402526855,0.8333333333333334,0.5876748727427589
ethereal travel agency,etherealtravelsolutions.co,simple,0.6980100870132446,0.2716584801673889,0.5,0.4898895422617594
ethereal travel agency,etherealtravellab.net,simple,0.6066611409187317,0.2716584801673889,0.5,0.45943988362948096
ethereal travel agency,etherealtravelcorner.io,simple,0.6148099899291992,0.2716584801673889,0.5,0.4621561566988627
tiny bookstore,tinybookstorelab.io,simple,0.5529617071151733,0.09288203716278076,0.33333333333333337,0.32639235920376247
tiny bookstore,tinybookstorespot.io,simple,0.5707376003265381,0.09288203716278076,0.33333333333333337,0.33231765694088405
tiny bookstore,tinybookstorelab.org,simple,0.6324440836906433,0.09288203716278076,0.33333333333333337,0.35288648969597286
quantum music school,quantummusicshop.com,simple,0.6914645433425903,0.1265021413564682,0.5,0.4393222133318583
quantum music school,quantummusicstudio.org,simple,0.719964325428009,0.1265021413564682,0.5,0.44882218043009436
quantum music school,quantummusicstore.org,simple,0.6960626840591431,0.1265021413564682,0.5,0.44085494677225745
mythic cosmetics brand in near the river,mythiccosmeticsstore.io,medium,0.47733572125434875,0.18255044519901276,0.75,0.46996206045150757
mythic cosmetics brand in near the river,mythiccosmeticsworks.com,medium,0.4724186062812805,0.18255044519901276,0.75,0.4683230221271515
mythic cosmetics brand in near the river,mythiccosmeticsworks.io,medium,0.4880334734916687,0.18255044519901276,0.75,0.4735279679298401
bright arena educational platform in city center specializing in community events,brightarenastudio.net,complex,0.33283114433288574,0.2865179181098938,0.8181818181818181,0.4791769602081992
bright arena educational platform in city center specializing in community events,brightarenastudio.io,complex,0.29435545206069946,0.2865179181098938,0.8181818181818181,0.46635173938491126
bright arena educational platform in city center specializing in community events,brightarenashop.com,complex,0.3076300621032715,0.2865179181098938,0.8181818181818181,0.47077660939910193
fresh law firm,freshlawlab.co,simple,0.7121684551239014,0.22504740953445435,0.5,0.47907195488611853
fresh law firm,freshlawstore.net,simple,0.5918471217155457,0.22504740953445435,0.5,0.4389648536841074
fresh law firm,freshlawsolutions.com,simple,0.6450332403182983,0.22504740953445435,0.5,0.45669356981913245
copyright website,copyrightworks.co,medium,0.8532882928848267,0.047859013080596924,0.6666666666666667,0.5226046575440301
copyright website,copyrightworks.co,medium,0.8532882928848267,0.047859013080596924,0.6666666666666667,0.5226046575440301
copyright website,copyrightworks.io,medium,0.8488542437553406,0.047859013080596924,0.6666666666666667,0.5211266411675347
atomic music school in near the river,atomicmusicshop.net,medium,0.507563054561615,0.11464343219995499,0.75,0.45740216970443726
atomic music school in near the river,atomicmusicspot.org,medium,0.5893481969833374,0.11464343219995499,0.75,0.48466387391090393
atomic music school in near the river,atomicmusicstore.io,medium,0.5178990364074707,0.11464343219995499,0.75,0.46084749698638916
dynamic coffee shop in suburban area,dynamiccoffeehub.com,medium,0.5241896510124207,0.19719940423965454,0.7142857142857143,0.4785582565125965
dynamic coffee shop in suburban area,dynamiccoffeebeans.com,medium,0.4322444200515747,0.19719940423965454,0.7142857142857143,0.4479098461923145
dynamic coffee shop in suburban area,dynamiccoffeehub.io,medium,0.4581884741783142,0.19719940423965454,0.7142857142857143,0.45655786920161473
quantum bookstore in downtown,quantumbookstorelab.com,medium,0.6749517917633057,0.09919611364603043,0.6,0.4580493092536926
quantum bookstore in downtown,quantumbookstorestore.co,medium,0.7052221298217773,0.09919611364603043,0.6,0.4681394219398498
quantum bookstore in downtown,quantumbookstoreworks.net,medium,0.6752704381942749,0.09919611364603043,0.6,0.45815552473068233
artisan chocolate shop in historic downtown,artishanchocolatesolutions.com,medium,0.22142906486988068,0.1549672782421112,0.9,0.425465452671051
artisan chocolate shop in historic downtown,artishanchocolatehub.com,medium,0.29360276460647583,0.1549672782421112,0.9,0.44952334761619567
artisan chocolate shop in historic downtown,artishanchocolatespot.com,medium,0.21130815148353577,0.1549672782421112,0.9,0.4220918148756027
family-run bakery specializing in sourdough,familyrunbakeryshop.co,simple,0.426302433013916,0.19144727289676666,0.5714285714285714,0.3963927591130847
family-run bakery specializing in sourdough,familyrunbakerybeans.co,simple,0.361297070980072,0.19144727289676666,0.5714285714285714,0.3747243100688571
family-run bakery specializing in sourdough,familyrunbakeryhub.com,simple,0.3512200713157654,0.19144727289676666,0.5714285714285714,0.37136530521370115
eco-friendly landscaping services,landscapelab.com,medium,0.5414456129074097,0.10521265119314194,1.0,0.5488860954840977
eco-friendly landscaping services,landscapelab.org,medium,0.5370340347290039,0.10521265119314194,1.0,0.5474155594905217
eco-friendly landscaping services,landscapelab.net,medium,0.47725874185562134,0.10521265119314194,1.0,0.5274904718001683
independent coffee roaster with local blends,independentcoffeehub.com,simple,0.3677182197570801,0.1791621297597885,0.7142857142857143,0.42038868296714055
independent coffee roaster with local blends,independentcoffeecorner.org,simple,0.348153293132782,0.1791621297597885,0.7142857142857143,0.4138670407590412
independent coffee roaster with local blends,independentcoffeestore.org,simple,0.37215954065322876,0.1791621297597885,0.7142857142857143,0.4218691282329105
vintage clothing store with curated collections,vintageclothgstudio.co,medium,0.6148698329925537,0.10006388276815414,0.8888888888888888,0.5346075423337795
vintage clothing store with curated collections,vintageclothgshop.co,medium,0.6498517990112305,0.10006388276815414,0.8888888888888888,0.5462681927062847
vintage clothing store with curated collections,vintageclothgstore.co,medium,0.7093796730041504,0.10006388276815414,0.75,0.519814521074295
high-end interior design consultancy,highendinteriormarket.io,complex,0.3224373161792755,0.30973613262176514,0.5,0.3773911545674006
high-end interior design consultancy,highendinteriolab.org,complex,0.2646787166595459,0.30973613262176514,0.75,0.4414716213941574
high-end interior design consultancy,highendinteriostore.io,complex,0.20391972362995148,0.30973613262176514,0.75,0.4212186187505722
mobile app development studio for small businesses,mobileappcorner.org,complex,0.5606364011764526,0.19901694357395172,0.75,0.5032177865505219
mobile app development studio for small businesses,mobileappworks.co,complex,0.6097105145454407,0.19901694357395172,0.75,0.519575834274292
mobile app development studio for small businesses,mobileappsolutions.co,complex,0.553437352180481,0.19901694357395172,0.75,0.5008181035518646
urban yoga and wellness center,urbanyogahub.org,medium,0.3884826600551605,0.17078590393066406,0.6666666666666667,0.40864507688416374
urban yoga and wellness center,urbanyogastudio.io,medium,0.2878352403640747,0.17078590393066406,0.6666666666666667,0.3750959469212426
urban yoga and wellness center,urbanyogahub.org,medium,0.38848263025283813,0.17078590393066406,0.6666666666666667,0.40864507688416374
boutique florist for weddings and events,boutquefloristsolutions.com,medium,0.6653767824172974,0.06692719459533691,0.8888888888888888,0.5403976269342281
boutique florist for weddings and events,boutquefloristspot.co,medium,0.6474536657333374,0.06692719459533691,0.8888888888888888,0.5344232596732952
boutique florist for weddings and events,boutquefloristworks.com,medium,0.6964585781097412,0.06692719459533691,0.8888888888888888,0.5507582403995372
artisan cheese shop in suburban market,artisancheeselab.org,medium,0.44067180156707764,0.15152940154075623,0.7142857142857143,0.43549565899939763
artisan cheese shop in suburban market,artisancheeseshop.org,medium,0.5323282480239868,0.15152940154075623,0.5,0.3946192363897959
artisan cheese shop in suburban market,artisancheesestore.co,medium,0.5609805583953857,0.15152940154075623,0.7142857142857143,0.47559855807395207
independent bookstore with reading events,independentbookstorehub.co,simple,0.5433560609817505,0.057568807154893875,0.6666666666666667,0.42253051532639396
independent bookstore with reading events,independentbookstorehub.com,simple,0.5600571632385254,0.057568807154893875,0.6666666666666667,0.42809755934609306
independent bookstore with reading events,independentbookstorespot.com,simple,0.5303675532341003,0.057568807154893875,0.6666666666666667,0.4182010127438439
specialty tea shop with rare blends,specialteashop.org,medium,0.263502836227417,0.4088873863220215,0.7142857142857143,0.46222531724543797
specialty tea shop with rare blends,specialteastudio.co,medium,0.19454273581504822,0.4088873863220215,0.875,0.492810050646464
specialty tea shop with rare blends,specialteestudio.org,medium,0.14076770842075348,0.4088873863220215,1.0,0.5165516932805378
local craft brewery with seasonal releases,localcraftstore.org,medium,0.2514728009700775,0.22087977826595306,0.7142857142857143,0.3955460928735279
local craft brewery with seasonal releases,localcraftworks.net,medium,0.22022473812103271,0.22087977826595306,0.7142857142857143,0.3851300768909
local craft brewery with seasonal releases,localcraftworks.org,medium,0.28759658336639404,0.22087977826595306,0.7142857142857143,0.4075873636064075
dog grooming and daycare in suburban area,doggroomingstore.co,simple,0.4760199189186096,0.14067986607551575,0.75,0.4555666148662567
dog grooming and daycare in suburban area,doggroomingspot.co,simple,0.4550224542617798,0.14067986607551575,0.75,0.4485674500465393
dog grooming and daycare in suburban area,doggroominghub.co,simple,0.4271356463432312,0.14067986607551575,0.75,0.43927183747291565
community-driven coworking space,communitycorners.org,medium,0.4965515434741974,0.4728487432003021,0.8,0.5898001054922739
community-driven coworking space,coworkingspot.net,medium,0.4605451822280884,0.4728487432003021,1.0,0.6444646616776784
community-driven coworking space,coworkingsolutions.com,medium,0.43543073534965515,0.4728487432003021,1.0,0.6360931595166524
premium handmade candle shop,premiumhandmadecandleworks.net,medium,0.36796480417251587,0.11904088407754898,0.4,0.29566856523354845
premium handmade candle shop,premiumhandmadecandleworks.io,medium,0.4010258913040161,0.11904088407754898,0.4,0.3066889425118764
premium handmade candle shop,premiumhandmadecandlespot.org,medium,0.44159266352653503,0.11904088407754898,0.4,0.3202111800511678
artisan pottery studio with workshops,artisanpotteryworks.co,medium,0.6018916368484497,0.19875389337539673,0.6666666666666667,0.4891040755642785
artisan pottery studio with workshops,artisanpotteryshop.io,medium,0.4719165563583374,0.19875389337539673,0.6666666666666667,0.4457790388001336
artisan pottery studio with workshops,artisanpotteryhub.org,medium,0.5129797458648682,0.19875389337539673,0.6666666666666667,0.45946676863564384
local bike repair and rental shop,localbikesolutions.org,simple,0.5755239725112915,0.2210112065076828,0.7142857142857143,0.5036069892701649
local bike repair and rental shop,localbikestudio.io,simple,0.4877733588218689,0.2210112065076828,0.7142857142857143,0.4743567698058628
local bike repair and rental shop,localbikestore.io,simple,0.5736912488937378,0.2210112065076828,0.7142857142857143,0.5029960416612171
independent record store with vinyl collection,independentrecordstorehub.net,medium,0.5487339496612549,0.1240614727139473,0.5714285714285714,0.4147413337514514
independent record store with vinyl collection,independentrecordstoreworks.org,medium,0.5650728940963745,0.1240614727139473,0.5714285714285714,0.42018764856315793
independent record store with vinyl collection,independentrecordstoresolutions.org,medium,0.5662786960601807,0.1240614727139473,0.8888888888888888,0.5264096834041454
eco-conscious fashion label,fashionlabspot.net,medium,0.5209715366363525,0.283730685710907,0.8333333333333334,0.546011851893531
eco-conscious fashion label,fashionsolutions.org,medium,0.6553953886032104,0.283730685710907,0.8,0.579708711306254
eco-conscious fashion label,fashionhub.org,medium,0.6048704385757446,0.283730685710907,0.8,0.5628670612970987
urban photography studio,urbanphotographystore.co,medium,0.6087206602096558,0.15124386548995972,0.5,0.41998819510142005
urban photography studio,urbanphotographystore.net,medium,0.6054430603981018,0.15124386548995972,0.5,0.41889564196268714
urban photography studio,urbanphotographyhub.org,medium,0.6257544755935669,0.15124386548995972,0.5,0.42566613356272376
vintage furniture restoration workshop,vintagefurniturebeans.io,medium,0.4220345616340637,0.20995403826236725,0.6,0.41066287159919734
vintage furniture restoration workshop,vintagefurniturehub.org,medium,0.5148433446884155,0.20995403826236725,0.6,0.4415991425514221
vintage furniture restoration workshop,vintagefurnireshop.com,medium,0.46000581979751587,0.20995403826236725,0.875,0.5149866143862406
gourmet sandwich deli in downtown,gourmetsandwichstore.org,simple,0.4416210651397705,0.15441934764385223,0.6666666666666667,0.4209023548497094
gourmet sandwich deli in downtown,gourmetsandwichhub.net,simple,0.388124018907547,0.15441934764385223,0.6666666666666667,0.40307001603974235
gourmet sandwich deli in downtown,gourmetsandwichshop.com,simple,0.3943979740142822,0.15441934764385223,0.6666666666666667,0.4051613344086541
luxury spa and wellness retreat,luxuryspaworks.co,complex,0.39488983154296875,0.2966291606426239,0.6666666666666667,0.4527285529507531
luxury spa and wellness retreat,luxuryspastudio.co,complex,0.4741673171520233,0.2966291606426239,0.6666666666666667,0.4791543914212121
luxury spa and wellness retreat,luxuryspastudio.com,complex,0.4161267578601837,0.2966291606426239,0.6666666666666667,0.45980752838982475
independent film production company,independentfilmlab.org,complex,0.5288026928901672,0.1420382708311081,0.6,0.42361364960670467
independent film production company,independentfilmsolutions.com,complex,0.53458571434021,0.1420382708311081,0.6,0.4255413234233856
independent film production company,independentfilmshop.org,complex,0.5676596760749817,0.1420382708311081,0.6,0.43656597733497615
handmade jewelry boutique,handmadejewelryshop.io,medium,0.6065613031387329,0.10960117727518082,0.5,0.40538750092188514
handmade jewelry boutique,handmadejewelrystore.net,medium,0.506253719329834,0.10960117727518082,0.5,0.37195163468519843
handmade jewelry boutique,handmadejewelrycorner.net,medium,0.5240765810012817,0.10960117727518082,0.5,0.37789259354273474
community theater group,communitytheaterstore.com,simple,0.30812448263168335,0.3506726920604706,0.5,0.38626573483149207
community theater group,communitytheaterspot.com,simple,0.3435734808444977,0.3506726920604706,0.5,0.3980820576349894
community theater group,communitytheatersolutions.org,simple,0.39050427079200745,0.3506726920604706,0.5,0.4137256542841593
organic skincare brand,organicskincareworks.co,medium,0.7137018442153931,0.07721582800149918,0.8333333333333334,0.5414169894324409
organic skincare brand,organicskincareworks.co,medium,0.7137018442153931,0.07721582800149918,0.8333333333333334,0.5414169894324409
organic skincare brand,organicskincarehub.co,medium,0.6901130676269531,0.07721582800149918,0.8333333333333334,0.5335540639029609
tech-focused coworking space for startups,techfocusedcorner.org,complex,0.33348822593688965,0.3447463810443878,0.7142857142857143,0.46417345035643803
tech-focused coworking space for startups,techfocusedstudio.co,complex,0.22278305888175964,0.3447463810443878,0.7142857142857143,0.4272717230376743
tech-focused coworking space for startups,techfocusedspot.net,complex,0.2419014573097229,0.3447463810443878,0.7142857142857143,0.4336445175466083
premium coffee subscription service,premiumcoffeehub.org,medium,0.5674761533737183,0.07207091897726059,0.6,0.4131823599338531
premium coffee subscription service,premiumcoffeehub.io,medium,0.5758793354034424,0.07207091897726059,0.6,0.4159834206104278
premium coffee subscription service,premiumcoffeehub.io,medium,0.5758793354034424,0.07207091897726059,0.6,0.4159834206104278
